sector,año,cuartil,pib,naics
"Agriculture, forestry, fishing, and hunting",2001,Q1,75.2,11
Mining,2001,Q1,110.7,21
Utilities,2001,Q1,138.6,22
Construction,2001,Q1,508,23
Manufacturing,2001,Q1,1171.4,3133
Durable goods,2001,Q1,697.6,3133
Nondurable goods,2001,Q1,473.9,3133
Wholesale trade,2001,Q1,553.6,42
Retail trade,2001,Q1,692.8,4445
Transportation and warehousing,2001,Q1,278.4,4849
Information,2001,Q1,329.1,51
"Finance, insurance, real estate, rental, and leasing",2001,Q1,1587,52
Professional and business services1,2001,Q1,1135.7,54
"Educational services, health care, and social assistance",2001,Q1,727.4,61
"Arts, entertainment, recreation, accommodation, and food services",2001,Q1,353.2,71
"Other services, except government",2001,Q1,268.5,81
Government,2001,Q1,1086.6,92
"Agriculture, forestry, fishing, and hunting",2001,Q2,73.8,11
Mining,2001,Q2,110.2,21
Utilities,2001,Q2,135.9,22
Construction,2001,Q2,511.7,23
Manufacturing,2001,Q2,1155.5,3133
Durable goods,2001,Q2,668.2,3133
Nondurable goods,2001,Q2,487.3,3133
Wholesale trade,2001,Q2,553.2,42
Retail trade,2001,Q2,693.5,4445
Transportation and warehousing,2001,Q2,279.1,4849
Information,2001,Q2,339.2,51
"Finance, insurance, real estate, rental, and leasing",2001,Q2,1591.3,52
Professional and business services1,2001,Q2,1129.8,54
"Educational services, health care, and social assistance",2001,Q2,742.9,61
"Arts, entertainment, recreation, accommodation, and food services",2001,Q2,354,71
"Other services, except government",2001,Q2,270.6,81
Government,2001,Q2,1101.4,92
"Agriculture, forestry, fishing, and hunting",2001,Q3,75.7,11
Mining,2001,Q3,102.6,21
Utilities,2001,Q3,142.9,22
Construction,2001,Q3,511.5,23
Manufacturing,2001,Q3,1100.8,3133
Durable goods,2001,Q3,613.2,3133
Nondurable goods,2001,Q3,487.6,3133
Wholesale trade,2001,Q3,559.3,42
Retail trade,2001,Q3,698.3,4445
Transportation and warehousing,2001,Q3,256.3,4849
Information,2001,Q3,313.4,51
"Finance, insurance, real estate, rental, and leasing",2001,Q3,1592.8,52
Professional and business services1,2001,Q3,1127,54
"Educational services, health care, and social assistance",2001,Q3,758.1,61
"Arts, entertainment, recreation, accommodation, and food services",2001,Q3,353.6,71
"Other services, except government",2001,Q3,272.1,81
Government,2001,Q3,1125.8,92
"Agriculture, forestry, fishing, and hunting",2001,Q4,75.8,11
Mining,2001,Q4,85.9,21
Utilities,2001,Q4,136.1,22
Construction,2001,Q4,504.6,23
Manufacturing,2001,Q4,1026.9,3133
Durable goods,2001,Q4,562,3133
Nondurable goods,2001,Q4,464.9,3133
Wholesale trade,2001,Q4,575.5,42
Retail trade,2001,Q4,707.4,4445
Transportation and warehousing,2001,Q4,263.4,4849
Information,2001,Q4,261.8,51
"Finance, insurance, real estate, rental, and leasing",2001,Q4,1590.7,52
Professional and business services1,2001,Q4,1124.9,54
"Educational services, health care, and social assistance",2001,Q4,774.1,61
"Arts, entertainment, recreation, accommodation, and food services",2001,Q4,350.4,71
"Other services, except government",2001,Q4,271.3,81
Government,2001,Q4,1138.4,92
"Agriculture, forestry, fishing, and hunting",2002,Q1,67.2,11
Mining,2002,Q1,80.4,21
Utilities,2002,Q1,126.2,22
Construction,2002,Q1,509.7,23
Manufacturing,2002,Q1,1060.9,3133
Durable goods,2002,Q1,598,3133
Nondurable goods,2002,Q1,462.9,3133
Wholesale trade,2002,Q1,565.9,42
Retail trade,2002,Q1,717.7,4445
Transportation and warehousing,2002,Q1,261.7,4849
Information,2002,Q1,283.4,51
"Finance, insurance, real estate, rental, and leasing",2002,Q1,1590,52
Professional and business services1,2002,Q1,1141.6,54
"Educational services, health care, and social assistance",2002,Q1,796.9,61
"Arts, entertainment, recreation, accommodation, and food services",2002,Q1,355.8,71
"Other services, except government",2002,Q1,288.2,81
Government,2002,Q1,1152.5,92
"Agriculture, forestry, fishing, and hunting",2002,Q2,64.8,11
Mining,2002,Q2,83.5,21
Utilities,2002,Q2,131.6,22
Construction,2002,Q2,510.8,23
Manufacturing,2002,Q2,1072.8,3133
Durable goods,2002,Q2,614.1,3133
Nondurable goods,2002,Q2,458.7,3133
Wholesale trade,2002,Q2,567.2,42
Retail trade,2002,Q2,718.2,4445
Transportation and warehousing,2002,Q2,260.9,4849
Information,2002,Q2,319.3,51
"Finance, insurance, real estate, rental, and leasing",2002,Q2,1595.2,52
Professional and business services1,2002,Q2,1166.6,54
"Educational services, health care, and social assistance",2002,Q2,813.7,61
"Arts, entertainment, recreation, accommodation, and food services",2002,Q2,363.2,71
"Other services, except government",2002,Q2,291.8,81
Government,2002,Q2,1167.5,92
"Agriculture, forestry, fishing, and hunting",2002,Q3,73.3,11
Mining,2002,Q3,87.4,21
Utilities,2002,Q3,134.1,22
Construction,2002,Q3,513.2,23
Manufacturing,2002,Q3,1075.4,3133
Durable goods,2002,Q3,619.7,3133
Nondurable goods,2002,Q3,455.8,3133
Wholesale trade,2002,Q3,554.8,42
Retail trade,2002,Q3,724.7,4445
Transportation and warehousing,2002,Q3,264.5,4849
Information,2002,Q3,332.5,51
"Finance, insurance, real estate, rental, and leasing",2002,Q3,1577.8,52
Professional and business services1,2002,Q3,1185.1,54
"Educational services, health care, and social assistance",2002,Q3,828.8,61
"Arts, entertainment, recreation, accommodation, and food services",2002,Q3,367.7,71
"Other services, except government",2002,Q3,296.8,81
Government,2002,Q3,1186.7,92
"Agriculture, forestry, fishing, and hunting",2002,Q4,77.7,11
Mining,2002,Q4,95,21
Utilities,2002,Q4,136.9,22
Construction,2002,Q4,520.1,23
Manufacturing,2002,Q4,1085.3,3133
Durable goods,2002,Q4,622.6,3133
Nondurable goods,2002,Q4,462.7,3133
Wholesale trade,2002,Q4,560.2,42
Retail trade,2002,Q4,734.2,4445
Transportation and warehousing,2002,Q4,270.6,4849
Information,2002,Q4,355.7,51
"Finance, insurance, real estate, rental, and leasing",2002,Q4,1591.5,52
Professional and business services1,2002,Q4,1193.1,54
"Educational services, health care, and social assistance",2002,Q4,840.5,61
"Arts, entertainment, recreation, accommodation, and food services",2002,Q4,374.1,71
"Other services, except government",2002,Q4,300,81
Government,2002,Q4,1206.2,92
"Agriculture, forestry, fishing, and hunting",2003,Q1,76.7,11
Mining,2003,Q1,106.7,21
Utilities,2003,Q1,134.8,22
Construction,2003,Q1,524.3,23
Manufacturing,2003,Q1,1086.8,3133
Durable goods,2003,Q1,621.9,3133
Nondurable goods,2003,Q1,464.9,3133
Wholesale trade,2003,Q1,560.2,42
Retail trade,2003,Q1,746.9,4445
Transportation and warehousing,2003,Q1,273.7,4849
Information,2003,Q1,343.4,51
"Finance, insurance, real estate, rental, and leasing",2003,Q1,1589.1,52
Professional and business services1,2003,Q1,1207.5,54
"Educational services, health care, and social assistance",2003,Q1,854.3,61
"Arts, entertainment, recreation, accommodation, and food services",2003,Q1,374.1,71
"Other services, except government",2003,Q1,293.9,81
Government,2003,Q1,1223.8,92
"Agriculture, forestry, fishing, and hunting",2003,Q2,83.6,11
Mining,2003,Q2,107.7,21
Utilities,2003,Q2,133.4,22
Construction,2003,Q2,521.6,23
Manufacturing,2003,Q2,1082.5,3133
Durable goods,2003,Q2,622.2,3133
Nondurable goods,2003,Q2,460.3,3133
Wholesale trade,2003,Q2,570.6,42
Retail trade,2003,Q2,754.3,4445
Transportation and warehousing,2003,Q2,270.6,4849
Information,2003,Q2,334.5,51
"Finance, insurance, real estate, rental, and leasing",2003,Q2,1629.6,52
Professional and business services1,2003,Q2,1219.5,54
"Educational services, health care, and social assistance",2003,Q2,862,61
"Arts, entertainment, recreation, accommodation, and food services",2003,Q2,377,71
"Other services, except government",2003,Q2,296.3,81
Government,2003,Q2,1240.4,92
"Agriculture, forestry, fishing, and hunting",2003,Q3,87.1,11
Mining,2003,Q3,110.7,21
Utilities,2003,Q3,136.3,22
Construction,2003,Q3,528.2,23
Manufacturing,2003,Q3,1103.7,3133
Durable goods,2003,Q3,625.6,3133
Nondurable goods,2003,Q3,478.1,3133
Wholesale trade,2003,Q3,586.9,42
Retail trade,2003,Q3,760,4445
Transportation and warehousing,2003,Q3,281.6,4849
Information,2003,Q3,356.4,51
"Finance, insurance, real estate, rental, and leasing",2003,Q3,1665.8,52
Professional and business services1,2003,Q3,1227.9,54
"Educational services, health care, and social assistance",2003,Q3,872.2,61
"Arts, entertainment, recreation, accommodation, and food services",2003,Q3,383,71
"Other services, except government",2003,Q3,298.7,81
Government,2003,Q3,1251.9,92
"Agriculture, forestry, fishing, and hunting",2003,Q4,91.1,11
Mining,2003,Q4,111.3,21
Utilities,2003,Q4,137.6,22
Construction,2003,Q4,546.8,23
Manufacturing,2003,Q4,1154.3,3133
Durable goods,2003,Q4,649.9,3133
Nondurable goods,2003,Q4,504.5,3133
Wholesale trade,2003,Q4,594.4,42
Retail trade,2003,Q4,767.3,4445
Transportation and warehousing,2003,Q4,288.8,4849
Information,2003,Q4,345.3,51
"Finance, insurance, real estate, rental, and leasing",2003,Q4,1663.7,52
Professional and business services1,2003,Q4,1252.6,54
"Educational services, health care, and social assistance",2003,Q4,889,61
"Arts, entertainment, recreation, accommodation, and food services",2003,Q4,392,71
"Other services, except government",2003,Q4,303,81
Government,2003,Q4,1264.8,92
"Agriculture, forestry, fishing, and hunting",2004,Q1,111.3,11
Mining,2004,Q1,122.3,21
Utilities,2004,Q1,144.1,22
Construction,2004,Q1,549.6,23
Manufacturing,2004,Q1,1159.9,3133
Durable goods,2004,Q1,653.6,3133
Nondurable goods,2004,Q1,506.3,3133
Wholesale trade,2004,Q1,604.5,42
Retail trade,2004,Q1,784.4,4445
Transportation and warehousing,2004,Q1,294.7,4849
Information,2004,Q1,348.8,51
"Finance, insurance, real estate, rental, and leasing",2004,Q1,1691.3,52
Professional and business services1,2004,Q1,1260.4,54
"Educational services, health care, and social assistance",2004,Q1,907.2,61
"Arts, entertainment, recreation, accommodation, and food services",2004,Q1,404.8,71
"Other services, except government",2004,Q1,309.3,81
Government,2004,Q1,1283.8,92
"Agriculture, forestry, fishing, and hunting",2004,Q2,111.7,11
Mining,2004,Q2,127.2,21
Utilities,2004,Q2,147.9,22
Construction,2004,Q2,571.7,23
Manufacturing,2004,Q2,1185.2,3133
Durable goods,2004,Q2,666.1,3133
Nondurable goods,2004,Q2,519.1,3133
Wholesale trade,2004,Q2,625.9,42
Retail trade,2004,Q2,784,4445
Transportation and warehousing,2004,Q2,307.5,4849
Information,2004,Q2,388,51
"Finance, insurance, real estate, rental, and leasing",2004,Q2,1706.9,52
Professional and business services1,2004,Q2,1278.9,54
"Educational services, health care, and social assistance",2004,Q2,926.9,61
"Arts, entertainment, recreation, accommodation, and food services",2004,Q2,411.5,71
"Other services, except government",2004,Q2,312,81
Government,2004,Q2,1300.7,92
"Agriculture, forestry, fishing, and hunting",2004,Q3,102.3,11
Mining,2004,Q3,128.6,21
Utilities,2004,Q3,149.3,22
Construction,2004,Q3,597.7,23
Manufacturing,2004,Q3,1222,3133
Durable goods,2004,Q3,685,3133
Nondurable goods,2004,Q3,537,3133
Wholesale trade,2004,Q3,637,42
Retail trade,2004,Q3,789.3,4445
Transportation and warehousing,2004,Q3,306.8,4849
Information,2004,Q3,411.3,51
"Finance, insurance, real estate, rental, and leasing",2004,Q3,1734.4,52
Professional and business services1,2004,Q3,1317.4,54
"Educational services, health care, and social assistance",2004,Q3,946.8,61
"Arts, entertainment, recreation, accommodation, and food services",2004,Q3,416.3,71
"Other services, except government",2004,Q3,315.8,81
Government,2004,Q3,1313.8,92
"Agriculture, forestry, fishing, and hunting",2004,Q4,104.4,11
Mining,2004,Q4,141.6,21
Utilities,2004,Q4,154.4,22
Construction,2004,Q4,610.9,23
Manufacturing,2004,Q4,1239.2,3133
Durable goods,2004,Q4,690.4,3133
Nondurable goods,2004,Q4,548.8,3133
Wholesale trade,2004,Q4,627.3,42
Retail trade,2004,Q4,794.5,4445
Transportation and warehousing,2004,Q4,309,4849
Information,2004,Q4,399.7,51
"Finance, insurance, real estate, rental, and leasing",2004,Q4,1790.2,52
Professional and business services1,2004,Q4,1348.4,54
"Educational services, health care, and social assistance",2004,Q4,950.2,61
"Arts, entertainment, recreation, accommodation, and food services",2004,Q4,412.1,71
"Other services, except government",2004,Q4,317.5,81
Government,2004,Q4,1329.1,92
"Agriculture, forestry, fishing, and hunting",2005,Q1,98.1,11
Mining,2005,Q1,155.9,21
Utilities,2005,Q1,159.5,22
Construction,2005,Q1,618.5,23
Manufacturing,2005,Q1,1317,3133
Durable goods,2005,Q1,743.1,3133
Nondurable goods,2005,Q1,573.9,3133
Wholesale trade,2005,Q1,666.3,42
Retail trade,2005,Q1,821.3,4445
Transportation and warehousing,2005,Q1,325.9,4849
Information,2005,Q1,422.4,51
"Finance, insurance, real estate, rental, and leasing",2005,Q1,1871.1,52
Professional and business services1,2005,Q1,1394.7,54
"Educational services, health care, and social assistance",2005,Q1,964.6,61
"Arts, entertainment, recreation, accommodation, and food services",2005,Q1,424.5,71
"Other services, except government",2005,Q1,330.6,81
Government,2005,Q1,1345.2,92
"Agriculture, forestry, fishing, and hunting",2005,Q2,97.8,11
Mining,2005,Q2,165.1,21
Utilities,2005,Q2,162,22
Construction,2005,Q2,642.7,23
Manufacturing,2005,Q2,1320.3,3133
Durable goods,2005,Q2,759.5,3133
Nondurable goods,2005,Q2,560.9,3133
Wholesale trade,2005,Q2,690,42
Retail trade,2005,Q2,859.9,4445
Transportation and warehousing,2005,Q2,332.5,4849
Information,2005,Q2,441.5,51
"Finance, insurance, real estate, rental, and leasing",2005,Q2,1870.2,52
Professional and business services1,2005,Q2,1409.9,54
"Educational services, health care, and social assistance",2005,Q2,984.2,61
"Arts, entertainment, recreation, accommodation, and food services",2005,Q2,438.4,71
"Other services, except government",2005,Q2,335.4,81
Government,2005,Q2,1356.1,92
"Agriculture, forestry, fishing, and hunting",2005,Q3,97.1,11
Mining,2005,Q3,177.2,21
Utilities,2005,Q3,155.8,22
Construction,2005,Q3,660.5,23
Manufacturing,2005,Q3,1341.4,3133
Durable goods,2005,Q3,770.4,3133
Nondurable goods,2005,Q3,571,3133
Wholesale trade,2005,Q3,680.8,42
Retail trade,2005,Q3,857.2,4445
Transportation and warehousing,2005,Q3,337,4849
Information,2005,Q3,436.4,51
"Finance, insurance, real estate, rental, and leasing",2005,Q3,1936.3,52
Professional and business services1,2005,Q3,1469.8,54
"Educational services, health care, and social assistance",2005,Q3,995.2,61
"Arts, entertainment, recreation, accommodation, and food services",2005,Q3,441.9,71
"Other services, except government",2005,Q3,337,81
Government,2005,Q3,1368.4,92
"Agriculture, forestry, fishing, and hunting",2005,Q4,95.4,11
Mining,2005,Q4,206.8,21
Utilities,2005,Q4,172.4,22
Construction,2005,Q4,683.9,23
Manufacturing,2005,Q4,1368.2,3133
Durable goods,2005,Q4,782.9,3133
Nondurable goods,2005,Q4,585.3,3133
Wholesale trade,2005,Q4,702.9,42
Retail trade,2005,Q4,892.4,4445
Transportation and warehousing,2005,Q4,346.6,4849
Information,2005,Q4,459.5,51
"Finance, insurance, real estate, rental, and leasing",2005,Q4,1967.2,52
Professional and business services1,2005,Q4,1491.7,54
"Educational services, health care, and social assistance",2005,Q4,1005.8,61
"Arts, entertainment, recreation, accommodation, and food services",2005,Q4,454.4,71
"Other services, except government",2005,Q4,343.9,81
Government,2005,Q4,1382.1,92
"Agriculture, forestry, fishing, and hunting",2006,Q1,93.5,11
Mining,2006,Q1,214.2,21
Utilities,2006,Q1,185.1,22
Construction,2006,Q1,720.1,23
Manufacturing,2006,Q1,1414.6,3133
Durable goods,2006,Q1,812,3133
Nondurable goods,2006,Q1,602.6,3133
Wholesale trade,2006,Q1,719.6,42
Retail trade,2006,Q1,901.5,4445
Transportation and warehousing,2006,Q1,356.6,4849
Information,2006,Q1,427.9,51
"Finance, insurance, real estate, rental, and leasing",2006,Q1,2012.6,52
Professional and business services1,2006,Q1,1540.4,54
"Educational services, health care, and social assistance",2006,Q1,1029.2,61
"Arts, entertainment, recreation, accommodation, and food services",2006,Q1,460.5,71
"Other services, except government",2006,Q1,353.6,81
Government,2006,Q1,1397.8,92
"Agriculture, forestry, fishing, and hunting",2006,Q2,94.8,11
Mining,2006,Q2,206.8,21
Utilities,2006,Q2,192.3,22
Construction,2006,Q2,711.8,23
Manufacturing,2006,Q2,1430.9,3133
Durable goods,2006,Q2,788.7,3133
Nondurable goods,2006,Q2,642.3,3133
Wholesale trade,2006,Q2,722.6,42
Retail trade,2006,Q2,894.5,4445
Transportation and warehousing,2006,Q2,361.6,4849
Information,2006,Q2,491.4,51
"Finance, insurance, real estate, rental, and leasing",2006,Q2,2030,52
Professional and business services1,2006,Q2,1558,54
"Educational services, health care, and social assistance",2006,Q2,1047.1,61
"Arts, entertainment, recreation, accommodation, and food services",2006,Q2,465,71
"Other services, except government",2006,Q2,360.4,81
Government,2006,Q2,1410.5,92
"Agriculture, forestry, fishing, and hunting",2006,Q3,98.1,11
Mining,2006,Q3,211.5,21
Utilities,2006,Q3,200.1,22
Construction,2006,Q3,698.9,23
Manufacturing,2006,Q3,1468.2,3133
Durable goods,2006,Q3,828.6,3133
Nondurable goods,2006,Q3,639.5,3133
Wholesale trade,2006,Q3,746.2,42
Retail trade,2006,Q3,908.4,4445
Transportation and warehousing,2006,Q3,364,4849
Information,2006,Q3,472.4,51
"Finance, insurance, real estate, rental, and leasing",2006,Q3,2030.1,52
Professional and business services1,2006,Q3,1588.8,54
"Educational services, health care, and social assistance",2006,Q3,1059,61
"Arts, entertainment, recreation, accommodation, and food services",2006,Q3,468.4,71
"Other services, except government",2006,Q3,362.4,81
Government,2006,Q3,1429.1,92
"Agriculture, forestry, fishing, and hunting",2006,Q4,102.2,11
Mining,2006,Q4,207.8,21
Utilities,2006,Q4,198.5,22
Construction,2006,Q4,688.7,23
Manufacturing,2006,Q4,1443.4,3133
Durable goods,2006,Q4,828.9,3133
Nondurable goods,2006,Q4,614.5,3133
Wholesale trade,2006,Q4,753.2,42
Retail trade,2006,Q4,915.1,4445
Transportation and warehousing,2006,Q4,368.7,4849
Information,2006,Q4,429,51
"Finance, insurance, real estate, rental, and leasing",2006,Q4,2074.7,52
Professional and business services1,2006,Q4,1611.3,54
"Educational services, health care, and social assistance",2006,Q4,1078.9,61
"Arts, entertainment, recreation, accommodation, and food services",2006,Q4,479.3,71
"Other services, except government",2006,Q4,366.1,81
Government,2006,Q4,1445.6,92
"Agriculture, forestry, fishing, and hunting",2007,Q1,111.4,11
Mining,2007,Q1,189.6,21
Utilities,2007,Q1,195.3,22
Construction,2007,Q1,693.7,23
Manufacturing,2007,Q1,1458,3133
Durable goods,2007,Q1,828.8,3133
Nondurable goods,2007,Q1,629.2,3133
Wholesale trade,2007,Q1,759.1,42
Retail trade,2007,Q1,900.9,4445
Transportation and warehousing,2007,Q1,368.2,4849
Information,2007,Q1,450.9,51
"Finance, insurance, real estate, rental, and leasing",2007,Q1,2095.3,52
Professional and business services1,2007,Q1,1612.5,54
"Educational services, health care, and social assistance",2007,Q1,1093.2,61
"Arts, entertainment, recreation, accommodation, and food services",2007,Q1,488.8,71
"Other services, except government",2007,Q1,365.3,81
Government,2007,Q1,1464.6,92
"Agriculture, forestry, fishing, and hunting",2007,Q2,107.6,11
Mining,2007,Q2,207.1,21
Utilities,2007,Q2,193.7,22
Construction,2007,Q2,685.1,23
Manufacturing,2007,Q2,1485,3133
Durable goods,2007,Q2,827.8,3133
Nondurable goods,2007,Q2,657.1,3133
Wholesale trade,2007,Q2,760.7,42
Retail trade,2007,Q2,908.9,4445
Transportation and warehousing,2007,Q2,377.5,4849
Information,2007,Q2,508.8,51
"Finance, insurance, real estate, rental, and leasing",2007,Q2,2089.5,52
Professional and business services1,2007,Q2,1631.8,54
"Educational services, health care, and social assistance",2007,Q2,1103.3,61
"Arts, entertainment, recreation, accommodation, and food services",2007,Q2,491,71
"Other services, except government",2007,Q2,364.1,81
Government,2007,Q2,1478,92
"Agriculture, forestry, fishing, and hunting",2007,Q3,109.1,11
Mining,2007,Q3,205.7,21
Utilities,2007,Q3,202.3,22
Construction,2007,Q3,669.8,23
Manufacturing,2007,Q3,1416.9,3133
Durable goods,2007,Q3,813.1,3133
Nondurable goods,2007,Q3,603.8,3133
Wholesale trade,2007,Q3,760.8,42
Retail trade,2007,Q3,886.3,4445
Transportation and warehousing,2007,Q3,375,4849
Information,2007,Q3,484.2,51
"Finance, insurance, real estate, rental, and leasing",2007,Q3,2096,52
Professional and business services1,2007,Q3,1649.1,54
"Educational services, health care, and social assistance",2007,Q3,1119.1,61
"Arts, entertainment, recreation, accommodation, and food services",2007,Q3,490,71
"Other services, except government",2007,Q3,358.9,81
Government,2007,Q3,1496.3,92
"Agriculture, forestry, fishing, and hunting",2007,Q4,115.9,11
Mining,2007,Q4,212.1,21
Utilities,2007,Q4,184.6,22
Construction,2007,Q4,663,23
Manufacturing,2007,Q4,1467,3133
Durable goods,2007,Q4,838,3133
Nondurable goods,2007,Q4,629,3133
Wholesale trade,2007,Q4,743.5,42
Retail trade,2007,Q4,881.5,4445
Transportation and warehousing,2007,Q4,369.6,4849
Information,2007,Q4,503.2,51
"Finance, insurance, real estate, rental, and leasing",2007,Q4,2041.3,52
Professional and business services1,2007,Q4,1669.6,54
"Educational services, health care, and social assistance",2007,Q4,1136.2,61
"Arts, entertainment, recreation, accommodation, and food services",2007,Q4,495.6,71
"Other services, except government",2007,Q4,359.2,81
Government,2007,Q4,1513.3,92
"Agriculture, forestry, fishing, and hunting",2008,Q1,116,11
Mining,2008,Q1,225.4,21
Utilities,2008,Q1,162.8,22
Construction,2008,Q1,639,23
Manufacturing,2008,Q1,1410.3,3133
Durable goods,2008,Q1,812.3,3133
Nondurable goods,2008,Q1,598,3133
Wholesale trade,2008,Q1,718.8,42
Retail trade,2008,Q1,835.5,4445
Transportation and warehousing,2008,Q1,364.5,4849
Information,2008,Q1,453.7,51
"Finance, insurance, real estate, rental, and leasing",2008,Q1,2014.7,52
Professional and business services1,2008,Q1,1727.9,54
"Educational services, health care, and social assistance",2008,Q1,1153.6,61
"Arts, entertainment, recreation, accommodation, and food services",2008,Q1,484.9,71
"Other services, except government",2008,Q1,349.7,81
Government,2008,Q1,1532.6,92
"Agriculture, forestry, fishing, and hunting",2008,Q2,110.6,11
Mining,2008,Q2,254.7,21
Utilities,2008,Q2,134.1,22
Construction,2008,Q2,623,23
Manufacturing,2008,Q2,1374.7,3133
Durable goods,2008,Q2,773.2,3133
Nondurable goods,2008,Q2,601.5,3133
Wholesale trade,2008,Q2,731.4,42
Retail trade,2008,Q2,831.4,4445
Transportation and warehousing,2008,Q2,366.7,4849
Information,2008,Q2,472.6,51
"Finance, insurance, real estate, rental, and leasing",2008,Q2,2017.2,52
Professional and business services1,2008,Q2,1729.6,54
"Educational services, health care, and social assistance",2008,Q2,1181.7,61
"Arts, entertainment, recreation, accommodation, and food services",2008,Q2,488.1,71
"Other services, except government",2008,Q2,344.3,81
Government,2008,Q2,1546.6,92
"Agriculture, forestry, fishing, and hunting",2008,Q3,101.8,11
Mining,2008,Q3,290.8,21
Utilities,2008,Q3,237.2,22
Construction,2008,Q3,598.1,23
Manufacturing,2008,Q3,1405.4,3133
Durable goods,2008,Q3,786.6,3133
Nondurable goods,2008,Q3,618.8,3133
Wholesale trade,2008,Q3,761.8,42
Retail trade,2008,Q3,825,4445
Transportation and warehousing,2008,Q3,367.2,4849
Information,2008,Q3,508.2,51
"Finance, insurance, real estate, rental, and leasing",2008,Q3,1872.2,52
Professional and business services1,2008,Q3,1727.2,54
"Educational services, health care, and social assistance",2008,Q3,1192.7,61
"Arts, entertainment, recreation, accommodation, and food services",2008,Q3,484.3,71
"Other services, except government",2008,Q3,341.9,81
Government,2008,Q3,1565.1,92
"Agriculture, forestry, fishing, and hunting",2008,Q4,100.2,11
Mining,2008,Q4,268.1,21
Utilities,2008,Q4,184.2,22
Construction,2008,Q4,576.1,23
Manufacturing,2008,Q4,1353,3133
Durable goods,2008,Q4,725.3,3133
Nondurable goods,2008,Q4,627.8,3133
Wholesale trade,2008,Q4,785.6,42
Retail trade,2008,Q4,815.8,4445
Transportation and warehousing,2008,Q4,372.8,4849
Information,2008,Q4,449.2,51
"Finance, insurance, real estate, rental, and leasing",2008,Q4,1857.7,52
Professional and business services1,2008,Q4,1597.1,54
"Educational services, health care, and social assistance",2008,Q4,1209.8,61
"Arts, entertainment, recreation, accommodation, and food services",2008,Q4,471.3,71
"Other services, except government",2008,Q4,344.2,81
Government,2008,Q4,1580,92
"Agriculture, forestry, fishing, and hunting",2009,Q1,93.8,11
Mining,2009,Q1,200,21
Utilities,2009,Q1,172.1,22
Construction,2009,Q1,546.6,23
Manufacturing,2009,Q1,1219.3,3133
Durable goods,2009,Q1,647.6,3133
Nondurable goods,2009,Q1,571.7,3133
Wholesale trade,2009,Q1,723.8,42
Retail trade,2009,Q1,810,4445
Transportation and warehousing,2009,Q1,350.6,4849
Information,2009,Q1,441.9,51
"Finance, insurance, real estate, rental, and leasing",2009,Q1,1969.4,52
Professional and business services1,2009,Q1,1624,54
"Educational services, health care, and social assistance",2009,Q1,1223.5,61
"Arts, entertainment, recreation, accommodation, and food services",2009,Q1,461.7,71
"Other services, except government",2009,Q1,338.4,81
Government,2009,Q1,1580.8,92
"Agriculture, forestry, fishing, and hunting",2009,Q2,92.6,11
Mining,2009,Q2,136.1,21
Utilities,2009,Q2,172.6,22
Construction,2009,Q2,528.3,23
Manufacturing,2009,Q2,1200.5,3133
Durable goods,2009,Q2,650.5,3133
Nondurable goods,2009,Q2,550,3133
Wholesale trade,2009,Q2,677.8,42
Retail trade,2009,Q2,820.9,4445
Transportation and warehousing,2009,Q2,337.9,4849
Information,2009,Q2,438.8,51
"Finance, insurance, real estate, rental, and leasing",2009,Q2,2148.4,52
Professional and business services1,2009,Q2,1579.8,54
"Educational services, health care, and social assistance",2009,Q2,1244.2,61
"Arts, entertainment, recreation, accommodation, and food services",2009,Q2,463,71
"Other services, except government",2009,Q2,344.2,81
Government,2009,Q2,1600.1,92
"Agriculture, forestry, fishing, and hunting",2009,Q3,95.9,11
Mining,2009,Q3,117.4,21
Utilities,2009,Q3,156.1,22
Construction,2009,Q3,530.1,23
Manufacturing,2009,Q3,1195,3133
Durable goods,2009,Q3,647.5,3133
Nondurable goods,2009,Q3,547.5,3133
Wholesale trade,2009,Q3,683.9,42
Retail trade,2009,Q3,820.2,4445
Transportation and warehousing,2009,Q3,345.1,4849
Information,2009,Q3,433.3,51
"Finance, insurance, real estate, rental, and leasing",2009,Q3,2226.4,52
Professional and business services1,2009,Q3,1576.9,54
"Educational services, health care, and social assistance",2009,Q3,1255.7,61
"Arts, entertainment, recreation, accommodation, and food services",2009,Q3,471,71
"Other services, except government",2009,Q3,347,81
Government,2009,Q3,1610.7,92
"Agriculture, forestry, fishing, and hunting",2009,Q4,106.7,11
Mining,2009,Q4,146.3,21
Utilities,2009,Q4,184.2,22
Construction,2009,Q4,531.4,23
Manufacturing,2009,Q4,1232.8,3133
Durable goods,2009,Q4,678.5,3133
Nondurable goods,2009,Q4,554.3,3133
Wholesale trade,2009,Q4,694,42
Retail trade,2009,Q4,844.4,4445
Transportation and warehousing,2009,Q4,363.3,4849
Information,2009,Q4,478.4,51
"Finance, insurance, real estate, rental, and leasing",2009,Q4,2191.9,52
Professional and business services1,2009,Q4,1617.9,54
"Educational services, health care, and social assistance",2009,Q4,1281.8,61
"Arts, entertainment, recreation, accommodation, and food services",2009,Q4,473.8,71
"Other services, except government",2009,Q4,357.8,81
Government,2009,Q4,1623.6,92
"Agriculture, forestry, fishing, and hunting",2010,Q1,104.1,11
Mining,2010,Q1,190.6,21
Utilities,2010,Q1,195.7,22
Construction,2010,Q1,531.6,23
Manufacturing,2010,Q1,1267,3133
Durable goods,2010,Q1,709,3133
Nondurable goods,2010,Q1,558,3133
Wholesale trade,2010,Q1,707.1,42
Retail trade,2010,Q1,845.5,4445
Transportation and warehousing,2010,Q1,370.1,4849
Information,2010,Q1,467.3,51
"Finance, insurance, real estate, rental, and leasing",2010,Q1,2143.6,52
Professional and business services1,2010,Q1,1670,54
"Educational services, health care, and social assistance",2010,Q1,1282.6,61
"Arts, entertainment, recreation, accommodation, and food services",2010,Q1,484.7,71
"Other services, except government",2010,Q1,362.4,81
Government,2010,Q1,1638,92
"Agriculture, forestry, fishing, and hunting",2010,Q2,109.6,11
Mining,2010,Q2,177.6,21
Utilities,2010,Q2,169.8,22
Construction,2010,Q2,537.6,23
Manufacturing,2010,Q2,1345.6,3133
Durable goods,2010,Q2,744.9,3133
Nondurable goods,2010,Q2,600.8,3133
Wholesale trade,2010,Q2,736,42
Retail trade,2010,Q2,866.5,4445
Transportation and warehousing,2010,Q2,387.2,4849
Information,2010,Q2,462.3,51
"Finance, insurance, real estate, rental, and leasing",2010,Q2,2144.4,52
Professional and business services1,2010,Q2,1709.1,54
"Educational services, health care, and social assistance",2010,Q2,1301.5,61
"Arts, entertainment, recreation, accommodation, and food services",2010,Q2,494.4,71
"Other services, except government",2010,Q2,372.2,81
Government,2010,Q2,1657.1,92
"Agriculture, forestry, fishing, and hunting",2010,Q3,117,11
Mining,2010,Q3,181.1,21
Utilities,2010,Q3,190.1,22
Construction,2010,Q3,536.2,23
Manufacturing,2010,Q3,1401.7,3133
Durable goods,2010,Q3,775.1,3133
Nondurable goods,2010,Q3,626.6,3133
Wholesale trade,2010,Q3,751.6,42
Retail trade,2010,Q3,871.8,4445
Transportation and warehousing,2010,Q3,396.1,4849
Information,2010,Q3,451.5,51
"Finance, insurance, real estate, rental, and leasing",2010,Q3,2172.1,52
Professional and business services1,2010,Q3,1756.1,54
"Educational services, health care, and social assistance",2010,Q3,1312.6,61
"Arts, entertainment, recreation, accommodation, and food services",2010,Q3,501,71
"Other services, except government",2010,Q3,380.2,81
Government,2010,Q3,1656.3,92
"Agriculture, forestry, fishing, and hunting",2010,Q4,122.7,11
Mining,2010,Q4,187.3,21
Utilities,2010,Q4,179.2,22
Construction,2010,Q4,531.8,23
Manufacturing,2010,Q4,1382.1,3133
Durable goods,2010,Q4,778.4,3133
Nondurable goods,2010,Q4,603.7,3133
Wholesale trade,2010,Q4,718,42
Retail trade,2010,Q4,871.1,4445
Transportation and warehousing,2010,Q4,384.3,4849
Information,2010,Q4,455.3,51
"Finance, insurance, real estate, rental, and leasing",2010,Q4,2197.8,52
Professional and business services1,2010,Q4,1784.1,54
"Educational services, health care, and social assistance",2010,Q4,1317.6,61
"Arts, entertainment, recreation, accommodation, and food services",2010,Q4,500.9,71
"Other services, except government",2010,Q4,380.4,81
Government,2010,Q4,1658.1,92
"Agriculture, forestry, fishing, and hunting",2011,Q1,139.9,11
Mining,2011,Q1,190.3,21
Utilities,2011,Q1,149.7,22
Construction,2011,Q1,531.1,23
Manufacturing,2011,Q1,1353.8,3133
Durable goods,2011,Q1,760.2,3133
Nondurable goods,2011,Q1,593.5,3133
Wholesale trade,2011,Q1,729.5,42
Retail trade,2011,Q1,876,4445
Transportation and warehousing,2011,Q1,380.4,4849
Information,2011,Q1,472.2,51
"Finance, insurance, real estate, rental, and leasing",2011,Q1,2199,52
Professional and business services1,2011,Q1,1784.9,54
"Educational services, health care, and social assistance",2011,Q1,1329.8,61
"Arts, entertainment, recreation, accommodation, and food services",2011,Q1,507.4,71
"Other services, except government",2011,Q1,381.5,81
Government,2011,Q1,1661.2,92
"Agriculture, forestry, fishing, and hunting",2011,Q2,131.7,11
Mining,2011,Q2,241.7,21
Utilities,2011,Q2,184,22
Construction,2011,Q2,542.2,23
Manufacturing,2011,Q2,1391.2,3133
Durable goods,2011,Q2,765.2,3133
Nondurable goods,2011,Q2,625.9,3133
Wholesale trade,2011,Q2,763.8,42
Retail trade,2011,Q2,878,4445
Transportation and warehousing,2011,Q2,387.8,4849
Information,2011,Q2,471.8,51
"Finance, insurance, real estate, rental, and leasing",2011,Q2,2162.6,52
Professional and business services1,2011,Q2,1811.1,54
"Educational services, health care, and social assistance",2011,Q2,1342.7,61
"Arts, entertainment, recreation, accommodation, and food services",2011,Q2,516.5,71
"Other services, except government",2011,Q2,383.8,81
Government,2011,Q2,1667.1,92
"Agriculture, forestry, fishing, and hunting",2011,Q3,140.3,11
Mining,2011,Q3,252.4,21
Utilities,2011,Q3,158.7,22
Construction,2011,Q3,553.8,23
Manufacturing,2011,Q3,1427.5,3133
Durable goods,2011,Q3,792.7,3133
Nondurable goods,2011,Q3,634.8,3133
Wholesale trade,2011,Q3,788.5,42
Retail trade,2011,Q3,893.2,4445
Transportation and warehousing,2011,Q3,392.6,4849
Information,2011,Q3,438.4,51
"Finance, insurance, real estate, rental, and leasing",2011,Q3,2149.8,52
Professional and business services1,2011,Q3,1844.5,54
"Educational services, health care, and social assistance",2011,Q3,1357.5,61
"Arts, entertainment, recreation, accommodation, and food services",2011,Q3,526.7,71
"Other services, except government",2011,Q3,388.5,81
Government,2011,Q3,1663.8,92
"Agriculture, forestry, fishing, and hunting",2011,Q4,141.9,11
Mining,2011,Q4,220,21
Utilities,2011,Q4,161.9,22
Construction,2011,Q4,557.1,23
Manufacturing,2011,Q4,1445.8,3133
Durable goods,2011,Q4,827.8,3133
Nondurable goods,2011,Q4,617.9,3133
Wholesale trade,2011,Q4,787,42
Retail trade,2011,Q4,915.8,4445
Transportation and warehousing,2011,Q4,405.1,4849
Information,2011,Q4,445.9,51
"Finance, insurance, real estate, rental, and leasing",2011,Q4,2270.2,52
Professional and business services1,2011,Q4,1825.9,54
"Educational services, health care, and social assistance",2011,Q4,1358,61
"Arts, entertainment, recreation, accommodation, and food services",2011,Q4,532.9,71
"Other services, except government",2011,Q4,391.1,81
Government,2011,Q4,1653.8,92
"Agriculture, forestry, fishing, and hunting",2012,Q1,145.6,11
Mining,2012,Q1,254.8,21
Utilities,2012,Q1,163.9,22
Construction,2012,Q1,584.5,23
Manufacturing,2012,Q1,1556.1,3133
Durable goods,2012,Q1,890.9,3133
Nondurable goods,2012,Q1,665.2,3133
Wholesale trade,2012,Q1,825.3,42
Retail trade,2012,Q1,961.8,4445
Transportation and warehousing,2012,Q1,431.2,4849
Information,2012,Q1,514.8,51
"Finance, insurance, real estate, rental, and leasing",2012,Q1,2390.9,52
Professional and business services1,2012,Q1,1904.3,54
"Educational services, health care, and social assistance",2012,Q1,1396,61
"Arts, entertainment, recreation, accommodation, and food services",2012,Q1,558.2,71
"Other services, except government",2012,Q1,402.4,81
Government,2012,Q1,1661.5,92
"Agriculture, forestry, fishing, and hunting",2012,Q2,148.9,11
Mining,2012,Q2,251.3,21
Utilities,2012,Q2,166.8,22
Construction,2012,Q2,583.4,23
Manufacturing,2012,Q2,1571.8,3133
Durable goods,2012,Q2,895.4,3133
Nondurable goods,2012,Q2,676.5,3133
Wholesale trade,2012,Q2,848.6,42
Retail trade,2012,Q2,953.9,4445
Transportation and warehousing,2012,Q2,436.9,4849
Information,2012,Q2,532.1,51
"Finance, insurance, real estate, rental, and leasing",2012,Q2,2403.8,52
Professional and business services1,2012,Q2,1909.1,54
"Educational services, health care, and social assistance",2012,Q2,1396.1,61
"Arts, entertainment, recreation, accommodation, and food services",2012,Q2,558.1,71
"Other services, except government",2012,Q2,403.8,81
Government,2012,Q2,1659.9,92
"Agriculture, forestry, fishing, and hunting",2012,Q3,152.3,11
Mining,2012,Q3,232.6,21
Utilities,2012,Q3,170.5,22
Construction,2012,Q3,589.1,23
Manufacturing,2012,Q3,1527.9,3133
Durable goods,2012,Q3,878.7,3133
Nondurable goods,2012,Q3,649.3,3133
Wholesale trade,2012,Q3,835,42
Retail trade,2012,Q3,950.5,4445
Transportation and warehousing,2012,Q3,433.7,4849
Information,2012,Q3,466.2,51
"Finance, insurance, real estate, rental, and leasing",2012,Q3,2406.4,52
Professional and business services1,2012,Q3,1940.7,54
"Educational services, health care, and social assistance",2012,Q3,1401.1,61
"Arts, entertainment, recreation, accommodation, and food services",2012,Q3,562,71
"Other services, except government",2012,Q3,405.6,81
Government,2012,Q3,1667,92
"Agriculture, forestry, fishing, and hunting",2012,Q4,155.1,11
Mining,2012,Q4,240.5,21
Utilities,2012,Q4,162.9,22
Construction,2012,Q4,609.2,23
Manufacturing,2012,Q4,1555.5,3133
Durable goods,2012,Q4,885.9,3133
Nondurable goods,2012,Q4,669.6,3133
Wholesale trade,2012,Q4,866.7,42
Retail trade,2012,Q4,976.5,4445
Transportation and warehousing,2012,Q4,434.8,4849
Information,2012,Q4,524.9,51
"Finance, insurance, real estate, rental, and leasing",2012,Q4,2420.7,52
Professional and business services1,2012,Q4,1996,54
"Educational services, health care, and social assistance",2012,Q4,1420.9,61
"Arts, entertainment, recreation, accommodation, and food services",2012,Q4,570,71
"Other services, except government",2012,Q4,409.6,81
Government,2012,Q4,1682.1,92
"Agriculture, forestry, fishing, and hunting",2013,Q1,181.5,11
Mining,2013,Q1,250.5,21
Utilities,2013,Q1,165.7,22
Construction,2013,Q1,614.6,23
Manufacturing,2013,Q1,1587.4,3133
Durable goods,2013,Q1,905.3,3133
Nondurable goods,2013,Q1,682.1,3133
Wholesale trade,2013,Q1,876.8,42
Retail trade,2013,Q1,984.8,4445
Transportation and warehousing,2013,Q1,440.6,4849
Information,2013,Q1,540.2,51
"Finance, insurance, real estate, rental, and leasing",2013,Q1,2355.5,52
Professional and business services1,2013,Q1,1959.5,54
"Educational services, health care, and social assistance",2013,Q1,1423.3,61
"Arts, entertainment, recreation, accommodation, and food services",2013,Q1,581.6,71
"Other services, except government",2013,Q1,407.7,81
Government,2013,Q1,1697.5,92
"Agriculture, forestry, fishing, and hunting",2013,Q2,182.9,11
Mining,2013,Q2,260.6,21
Utilities,2013,Q2,179.4,22
Construction,2013,Q2,622.6,23
Manufacturing,2013,Q2,1573.7,3133
Durable goods,2013,Q2,913.3,3133
Nondurable goods,2013,Q2,660.4,3133
Wholesale trade,2013,Q2,877.3,42
Retail trade,2013,Q2,992.2,4445
Transportation and warehousing,2013,Q2,438.6,4849
Information,2013,Q2,547,51
"Finance, insurance, real estate, rental, and leasing",2013,Q2,2396.4,52
Professional and business services1,2013,Q2,1956.5,54
"Educational services, health care, and social assistance",2013,Q2,1433.9,61
"Arts, entertainment, recreation, accommodation, and food services",2013,Q2,588.5,71
"Other services, except government",2013,Q2,410.7,81
Government,2013,Q2,1707,92
"Agriculture, forestry, fishing, and hunting",2013,Q3,181.4,11
Mining,2013,Q3,255.3,21
Utilities,2013,Q3,179.5,22
Construction,2013,Q3,629.6,23
Manufacturing,2013,Q3,1585.2,3133
Durable goods,2013,Q3,922.9,3133
Nondurable goods,2013,Q3,662.3,3133
Wholesale trade,2013,Q3,867.2,42
Retail trade,2013,Q3,989.3,4445
Transportation and warehousing,2013,Q3,437,4849
Information,2013,Q3,567,51
"Finance, insurance, real estate, rental, and leasing",2013,Q3,2439.7,52
Professional and business services1,2013,Q3,1943.3,54
"Educational services, health care, and social assistance",2013,Q3,1440.6,61
"Arts, entertainment, recreation, accommodation, and food services",2013,Q3,593.8,71
"Other services, except government",2013,Q3,411.4,81
Government,2013,Q3,1711.4,92
"Agriculture, forestry, fishing, and hunting",2013,Q4,154.5,11
Mining,2013,Q4,269.5,21
Utilities,2013,Q4,177.2,22
Construction,2013,Q4,631.5,23
Manufacturing,2013,Q4,1635.5,3133
Durable goods,2013,Q4,919.8,3133
Nondurable goods,2013,Q4,715.7,3133
Wholesale trade,2013,Q4,863.4,42
Retail trade,2013,Q4,980.6,4445
Transportation and warehousing,2013,Q4,452.6,4849
Information,2013,Q4,568.5,51
"Finance, insurance, real estate, rental, and leasing",2013,Q4,2480.9,52
Professional and business services1,2013,Q4,1990.6,54
"Educational services, health care, and social assistance",2013,Q4,1448.7,61
"Arts, entertainment, recreation, accommodation, and food services",2013,Q4,588.7,71
"Other services, except government",2013,Q4,417.4,81
Government,2013,Q4,1724.7,92
"Agriculture, forestry, fishing, and hunting",2014,Q1,154.7,11
Mining,2014,Q1,275.5,21
Utilities,2014,Q1,187,22
Construction,2014,Q1,654.4,23
Manufacturing,2014,Q1,1564.8,3133
Durable goods,2014,Q1,910.6,3133
Nondurable goods,2014,Q1,654.2,3133
Wholesale trade,2014,Q1,869.7,42
Retail trade,2014,Q1,991.3,4445
Transportation and warehousing,2014,Q1,450.8,4849
Information,2014,Q1,559.7,51
"Finance, insurance, real estate, rental, and leasing",2014,Q1,2525.1,52
Professional and business services1,2014,Q1,2038.1,54
"Educational services, health care, and social assistance",2014,Q1,1458.8,61
"Arts, entertainment, recreation, accommodation, and food services",2014,Q1,614.4,71
"Other services, except government",2014,Q1,427.3,81
Government,2014,Q1,1736,92
"Agriculture, forestry, fishing, and hunting",2014,Q2,173.3,11
Mining,2014,Q2,261.5,21
Utilities,2014,Q2,182.1,22
Construction,2014,Q2,670.6,23
Manufacturing,2014,Q2,1652.9,3133
Durable goods,2014,Q2,938.7,3133
Nondurable goods,2014,Q2,714.2,3133
Wholesale trade,2014,Q2,897,42
Retail trade,2014,Q2,1014,4445
Transportation and warehousing,2014,Q2,474.2,4849
Information,2014,Q2,567.3,51
"Finance, insurance, real estate, rental, and leasing",2014,Q2,2570.6,52
Professional and business services1,2014,Q2,2076.8,54
"Educational services, health care, and social assistance",2014,Q2,1471.9,61
"Arts, entertainment, recreation, accommodation, and food services",2014,Q2,623.9,71
"Other services, except government",2014,Q2,434.1,81
Government,2014,Q2,1747.7,92
"Agriculture, forestry, fishing, and hunting",2014,Q3,159.9,11
Mining,2014,Q3,309,21
Utilities,2014,Q3,186.9,22
Construction,2014,Q3,688,23
Manufacturing,2014,Q3,1676.4,3133
Durable goods,2014,Q3,961.1,3133
Nondurable goods,2014,Q3,715.3,3133
Wholesale trade,2014,Q3,934.6,42
Retail trade,2014,Q3,1031.1,4445
Transportation and warehousing,2014,Q3,477.9,4849
Information,2014,Q3,573,51
"Finance, insurance, real estate, rental, and leasing",2014,Q3,2595.9,52
Professional and business services1,2014,Q3,2096.6,54
"Educational services, health care, and social assistance",2014,Q3,1488,61
"Arts, entertainment, recreation, accommodation, and food services",2014,Q3,634.5,71
"Other services, except government",2014,Q3,439.7,81
Government,2014,Q3,1763.4,92
"Agriculture, forestry, fishing, and hunting",2014,Q4,162.7,11
Mining,2014,Q4,275.9,21
Utilities,2014,Q4,194.2,22
Construction,2014,Q4,700.3,23
Manufacturing,2014,Q4,1704.9,3133
Durable goods,2014,Q4,968.9,3133
Nondurable goods,2014,Q4,736,3133
Wholesale trade,2014,Q4,934.9,42
Retail trade,2014,Q4,1055.5,4445
Transportation and warehousing,2014,Q4,480.4,4849
Information,2014,Q4,562.9,51
"Finance, insurance, real estate, rental, and leasing",2014,Q4,2583.6,52
Professional and business services1,2014,Q4,2155.2,54
"Educational services, health care, and social assistance",2014,Q4,1506,61
"Arts, entertainment, recreation, accommodation, and food services",2014,Q4,647.2,71
"Other services, except government",2014,Q4,444.1,81
Government,2014,Q4,1782,92
"Agriculture, forestry, fishing, and hunting",2015,Q1,143.4,11
Mining,2015,Q1,167.4,21
Utilities,2015,Q1,192.6,22
Construction,2015,Q1,715.4,23
Manufacturing,2015,Q1,1725.7,3133
Durable goods,2015,Q1,977.4,3133
Nondurable goods,2015,Q1,748.3,3133
Wholesale trade,2015,Q1,936.7,42
Retail trade,2015,Q1,1059.8,4445
Transportation and warehousing,2015,Q1,497.3,4849
Information,2015,Q1,569.7,51
"Finance, insurance, real estate, rental, and leasing",2015,Q1,2633.4,52
Professional and business services1,2015,Q1,2187.9,54
"Educational services, health care, and social assistance",2015,Q1,1524.8,61
"Arts, entertainment, recreation, accommodation, and food services",2015,Q1,658.9,71
"Other services, except government",2015,Q1,448.4,81
Government,2015,Q1,1799.5,92
"Agriculture, forestry, fishing, and hunting",2015,Q2,145.5,11
Mining,2015,Q2,153.8,21
Utilities,2015,Q2,183.6,22
Construction,2015,Q2,730.1,23
Manufacturing,2015,Q2,1698.6,3133
Durable goods,2015,Q2,1000.7,3133
Nondurable goods,2015,Q2,697.9,3133
Wholesale trade,2015,Q2,934.6,42
Retail trade,2015,Q2,1057.4,4445
Transportation and warehousing,2015,Q2,488.9,4849
Information,2015,Q2,608.8,51
"Finance, insurance, real estate, rental, and leasing",2015,Q2,2698.4,52
Professional and business services1,2015,Q2,2215.3,54
"Educational services, health care, and social assistance",2015,Q2,1544.8,61
"Arts, entertainment, recreation, accommodation, and food services",2015,Q2,668.8,71
"Other services, except government",2015,Q2,450.7,81
Government,2015,Q2,1814.5,92
"Agriculture, forestry, fishing, and hunting",2015,Q3,152.6,11
Mining,2015,Q3,155.6,21
Utilities,2015,Q3,175.7,22
Construction,2015,Q3,741.2,23
Manufacturing,2015,Q3,1698.8,3133
Durable goods,2015,Q3,986.3,3133
Nondurable goods,2015,Q3,712.5,3133
Wholesale trade,2015,Q3,938.6,42
Retail trade,2015,Q3,1071.1,4445
Transportation and warehousing,2015,Q3,508.3,4849
Information,2015,Q3,605.6,51
"Finance, insurance, real estate, rental, and leasing",2015,Q3,2637.8,52
Professional and business services1,2015,Q3,2225.4,54
"Educational services, health care, and social assistance",2015,Q3,1566.1,61
"Arts, entertainment, recreation, accommodation, and food services",2015,Q3,685.9,71
"Other services, except government",2015,Q3,452.6,81
Government,2015,Q3,1826.2,92
"Agriculture, forestry, fishing, and hunting",2015,Q4,146.8,11
Mining,2015,Q4,133.1,21
Utilities,2015,Q4,158.4,22
Construction,2015,Q4,758.2,23
Manufacturing,2015,Q4,1641.4,3133
Durable goods,2015,Q4,968.4,3133
Nondurable goods,2015,Q4,673,3133
Wholesale trade,2015,Q4,948,42
Retail trade,2015,Q4,1078.8,4445
Transportation and warehousing,2015,Q4,515.9,4849
Information,2015,Q4,615.3,51
"Finance, insurance, real estate, rental, and leasing",2015,Q4,2648.2,52
Professional and business services1,2015,Q4,2243.9,54
"Educational services, health care, and social assistance",2015,Q4,1583,61
"Arts, entertainment, recreation, accommodation, and food services",2015,Q4,692.3,71
"Other services, except government",2015,Q4,455.2,81
Government,2015,Q4,1835.5,92
"Agriculture, forestry, fishing, and hunting",2016,Q1,129,11
Mining,2016,Q1,89.4,21
Utilities,2016,Q1,166.9,22
Construction,2016,Q1,763.4,23
Manufacturing,2016,Q1,1649.7,3133
Durable goods,2016,Q1,978.8,3133
Nondurable goods,2016,Q1,670.9,3133
Wholesale trade,2016,Q1,940.6,42
Retail trade,2016,Q1,1079.1,4445
Transportation and warehousing,2016,Q1,513.9,4849
Information,2016,Q1,626.4,51
"Finance, insurance, real estate, rental, and leasing",2016,Q1,2710.3,52
Professional and business services1,2016,Q1,2239.1,54
"Educational services, health care, and social assistance",2016,Q1,1605,61
"Arts, entertainment, recreation, accommodation, and food services",2016,Q1,696.6,71
"Other services, except government",2016,Q1,456.5,81
Government,2016,Q1,1845.2,92
"Agriculture, forestry, fishing, and hunting",2016,Q2,127,11
Mining,2016,Q2,76.9,21
Utilities,2016,Q2,167.2,22
Construction,2016,Q2,775.8,23
Manufacturing,2016,Q2,1558.7,3133
Durable goods,2016,Q2,939.2,3133
Nondurable goods,2016,Q2,619.5,3133
Wholesale trade,2016,Q2,900.6,42
Retail trade,2016,Q2,1079.6,4445
Transportation and warehousing,2016,Q2,507.6,4849
Information,2016,Q2,645.4,51
"Finance, insurance, real estate, rental, and leasing",2016,Q2,2755.4,52
Professional and business services1,2016,Q2,2288.1,54
"Educational services, health care, and social assistance",2016,Q2,1620.6,61
"Arts, entertainment, recreation, accommodation, and food services",2016,Q2,705.7,71
"Other services, except government",2016,Q2,458.5,81
Government,2016,Q2,1852.7,92
"Agriculture, forestry, fishing, and hunting",2016,Q3,122.6,11
Mining,2016,Q3,108.6,21
Utilities,2016,Q3,159.7,22
Construction,2016,Q3,779.3,23
Manufacturing,2016,Q3,1553,3133
Durable goods,2016,Q3,941.1,3133
Nondurable goods,2016,Q3,611.9,3133
Wholesale trade,2016,Q3,929,42
Retail trade,2016,Q3,1104.6,4445
Transportation and warehousing,2016,Q3,519.2,4849
Information,2016,Q3,624.7,51
"Finance, insurance, real estate, rental, and leasing",2016,Q3,2791,52
Professional and business services1,2016,Q3,2282.7,54
"Educational services, health care, and social assistance",2016,Q3,1638.7,61
"Arts, entertainment, recreation, accommodation, and food services",2016,Q3,717,71
"Other services, except government",2016,Q3,462,81
Government,2016,Q3,1865.7,92
"Agriculture, forestry, fishing, and hunting",2016,Q4,116.2,11
Mining,2016,Q4,106.7,21
Utilities,2016,Q4,169.7,22
Construction,2016,Q4,803,23
Manufacturing,2016,Q4,1569.1,3133
Durable goods,2016,Q4,963.9,3133
Nondurable goods,2016,Q4,605.2,3133
Wholesale trade,2016,Q4,921.4,42
Retail trade,2016,Q4,1112,4445
Transportation and warehousing,2016,Q4,517.4,4849
Information,2016,Q4,645.4,51
"Finance, insurance, real estate, rental, and leasing",2016,Q4,2803.3,52
Professional and business services1,2016,Q4,2314.7,54
"Educational services, health care, and social assistance",2016,Q4,1656.2,61
"Arts, entertainment, recreation, accommodation, and food services",2016,Q4,729.8,71
"Other services, except government",2016,Q4,464.3,81
Government,2016,Q4,1873.6,92
"Agriculture, forestry, fishing, and hunting",2017,Q1,137.8,11
Mining,2017,Q1,160.6,21
Utilities,2017,Q1,171.4,22
Construction,2017,Q1,817.3,23
Manufacturing,2017,Q1,1567.6,3133
Durable goods,2017,Q1,950.7,3133
Nondurable goods,2017,Q1,616.9,3133
Wholesale trade,2017,Q1,936.1,42
Retail trade,2017,Q1,1108.3,4445
Transportation and warehousing,2017,Q1,531.4,4849
Information,2017,Q1,672.4,51
"Finance, insurance, real estate, rental, and leasing",2017,Q1,2777.4,52
Professional and business services1,2017,Q1,2352.9,54
"Educational services, health care, and social assistance",2017,Q1,1668.3,61
"Arts, entertainment, recreation, accommodation, and food services",2017,Q1,732.9,71
"Other services, except government",2017,Q1,467,81
Government,2017,Q1,1884.3,92
"Agriculture, forestry, fishing, and hunting",2017,Q2,137.5,11
Mining,2017,Q2,166.8,21
Utilities,2017,Q2,173.8,22
Construction,2017,Q2,829.6,23
Manufacturing,2017,Q2,1602.4,3133
Durable goods,2017,Q2,984.4,3133
Nondurable goods,2017,Q2,618,3133
Wholesale trade,2017,Q2,949.6,42
Retail trade,2017,Q2,1098.2,4445
Transportation and warehousing,2017,Q2,546.9,4849
Information,2017,Q2,650.3,51
"Finance, insurance, real estate, rental, and leasing",2017,Q2,2791.2,52
Professional and business services1,2017,Q2,2379.8,54
"Educational services, health care, and social assistance",2017,Q2,1679.3,61
"Arts, entertainment, recreation, accommodation, and food services",2017,Q2,741.2,71
"Other services, except government",2017,Q2,469.4,81
Government,2017,Q2,1894.4,92
"Agriculture, forestry, fishing, and hunting",2017,Q3,130.9,11
Mining,2017,Q3,133.8,21
Utilities,2017,Q3,179.4,22
Construction,2017,Q3,843.1,23
Manufacturing,2017,Q3,1643.6,3133
Durable goods,2017,Q3,982.7,3133
Nondurable goods,2017,Q3,660.9,3133
Wholesale trade,2017,Q3,954.7,42
Retail trade,2017,Q3,1110.2,4445
Transportation and warehousing,2017,Q3,544.5,4849
Information,2017,Q3,637.3,51
"Finance, insurance, real estate, rental, and leasing",2017,Q3,2844.2,52
Professional and business services1,2017,Q3,2417.3,54
"Educational services, health care, and social assistance",2017,Q3,1686.2,61
"Arts, entertainment, recreation, accommodation, and food services",2017,Q3,749.3,71
"Other services, except government",2017,Q3,476.4,81
Government,2017,Q3,1911.6,92
"Agriculture, forestry, fishing, and hunting",2017,Q4,127.7,11
Mining,2017,Q4,141,21
Utilities,2017,Q4,171.3,22
Construction,2017,Q4,842.3,23
Manufacturing,2017,Q4,1627.4,3133
Durable goods,2017,Q4,972.2,3133
Nondurable goods,2017,Q4,655.2,3133
Wholesale trade,2017,Q4,942.8,42
Retail trade,2017,Q4,1092.3,4445
Transportation and warehousing,2017,Q4,516.5,4849
Information,2017,Q4,591.3,51
"Finance, insurance, real estate, rental, and leasing",2017,Q4,2854.8,52
Professional and business services1,2017,Q4,2430.2,54
"Educational services, health care, and social assistance",2017,Q4,1697.3,61
"Arts, entertainment, recreation, accommodation, and food services",2017,Q4,740.4,71
"Other services, except government",2017,Q4,479,81
Government,2017,Q4,1933.5,92
"Agriculture, forestry, fishing, and hunting",2018,Q1,121.4,11
Mining,2018,Q1,169.3,21
Utilities,2018,Q1,190.9,22
Construction,2018,Q1,860.4,23
Manufacturing,2018,Q1,1686.4,3133
Durable goods,2018,Q1,991.3,3133
Nondurable goods,2018,Q1,695.1,3133
Wholesale trade,2018,Q1,932.5,42
Retail trade,2018,Q1,1120.3,4445
Transportation and warehousing,2018,Q1,534.1,4849
Information,2018,Q1,609.7,51
"Finance, insurance, real estate, rental, and leasing",2018,Q1,2876.4,52
Professional and business services1,2018,Q1,2475.6,54
"Educational services, health care, and social assistance",2018,Q1,1730.3,61
"Arts, entertainment, recreation, accommodation, and food services",2018,Q1,759.7,71
"Other services, except government",2018,Q1,488.7,81
Government,2018,Q1,1956.6,92
"Agriculture, forestry, fishing, and hunting",2018,Q2,124,11
Mining,2018,Q2,173.2,21
Utilities,2018,Q2,200.3,22
Construction,2018,Q2,866.9,23
Manufacturing,2018,Q2,1741.3,3133
Durable goods,2018,Q2,1009.4,3133
Nondurable goods,2018,Q2,731.9,3133
Wholesale trade,2018,Q2,927.4,42
Retail trade,2018,Q2,1121.5,4445
Transportation and warehousing,2018,Q2,537.1,4849
Information,2018,Q2,638.9,51
"Finance, insurance, real estate, rental, and leasing",2018,Q2,2909.4,52
Professional and business services1,2018,Q2,2517.6,54
"Educational services, health care, and social assistance",2018,Q2,1740,61
"Arts, entertainment, recreation, accommodation, and food services",2018,Q2,771,71
"Other services, except government",2018,Q2,495.7,81
Government,2018,Q2,1976.7,92
"Agriculture, forestry, fishing, and hunting",2018,Q3,117,11
Mining,2018,Q3,181.6,21
Utilities,2018,Q3,196.3,22
Construction,2018,Q3,877.5,23
Manufacturing,2018,Q3,1758,3133
Durable goods,2018,Q3,1018.7,3133
Nondurable goods,2018,Q3,739.3,3133
Wholesale trade,2018,Q3,972.8,42
Retail trade,2018,Q3,1146.6,4445
Transportation and warehousing,2018,Q3,554.8,4849
Information,2018,Q3,639.1,51
"Finance, insurance, real estate, rental, and leasing",2018,Q3,2948.8,52
Professional and business services1,2018,Q3,2568,54
"Educational services, health care, and social assistance",2018,Q3,1754.2,61
"Arts, entertainment, recreation, accommodation, and food services",2018,Q3,784.2,71
"Other services, except government",2018,Q3,503.4,81
Government,2018,Q3,1996.7,92
"Agriculture, forestry, fishing, and hunting",2018,Q4,116.3,11
Mining,2018,Q4,192.7,21
Utilities,2018,Q4,201.4,22
Construction,2018,Q4,886.1,23
Manufacturing,2018,Q4,1756.5,3133
Durable goods,2018,Q4,1013,3133
Nondurable goods,2018,Q4,743.6,3133
Wholesale trade,2018,Q4,1007.2,42
Retail trade,2018,Q4,1134.5,4445
Transportation and warehousing,2018,Q4,575.6,4849
Information,2018,Q4,654.6,51
"Finance, insurance, real estate, rental, and leasing",2018,Q4,2939.6,52
Professional and business services1,2018,Q4,2594,54
"Educational services, health care, and social assistance",2018,Q4,1776,61
"Arts, entertainment, recreation, accommodation, and food services",2018,Q4,795.1,71
"Other services, except government",2018,Q4,508.1,81
Government,2018,Q4,2003.8,92
"Agriculture, forestry, fishing, and hunting",2019,Q1,110.2,11
Mining,2019,Q1,167.3,21
Utilities,2019,Q1,198.1,22
Construction,2019,Q1,910.8,23
Manufacturing,2019,Q1,1736.9,3133
Durable goods,2019,Q1,1043,3133
Nondurable goods,2019,Q1,693.9,3133
Wholesale trade,2019,Q1,1008.9,42
Retail trade,2019,Q1,1144,4445
Transportation and warehousing,2019,Q1,569.6,4849
Information,2019,Q1,704.2,51
"Finance, insurance, real estate, rental, and leasing",2019,Q1,3033.1,52
Professional and business services1,2019,Q1,2667.5,54
"Educational services, health care, and social assistance",2019,Q1,1791.7,61
"Arts, entertainment, recreation, accommodation, and food services",2019,Q1,802.3,71
"Other services, except government",2019,Q1,509.2,81
Government,2019,Q1,2002.3,92
"Agriculture, forestry, fishing, and hunting",2019,Q2,112.6,11
Mining,2019,Q2,167.1,21
Utilities,2019,Q2,196.8,22
Construction,2019,Q2,922.5,23
Manufacturing,2019,Q2,1726.1,3133
Durable goods,2019,Q2,1038.1,3133
Nondurable goods,2019,Q2,688,3133
Wholesale trade,2019,Q2,1014.1,42
Retail trade,2019,Q2,1164.1,4445
Transportation and warehousing,2019,Q2,569.2,4849
Information,2019,Q2,708.1,51
"Finance, insurance, real estate, rental, and leasing",2019,Q2,3054.7,52
Professional and business services1,2019,Q2,2688.7,54
"Educational services, health care, and social assistance",2019,Q2,1813.1,61
"Arts, entertainment, recreation, accommodation, and food services",2019,Q2,812,71
"Other services, except government",2019,Q2,511.3,81
Government,2019,Q2,2013.2,92
"Agriculture, forestry, fishing, and hunting",2019,Q3,114.9,11
Mining,2019,Q3,162.7,21
Utilities,2019,Q3,192.3,22
Construction,2019,Q3,941.2,23
Manufacturing,2019,Q3,1743.6,3133
Durable goods,2019,Q3,1037.3,3133
Nondurable goods,2019,Q3,706.3,3133
Wholesale trade,2019,Q3,1035.9,42
Retail trade,2019,Q3,1178.4,4445
Transportation and warehousing,2019,Q3,579.4,4849
Information,2019,Q3,687.1,51
"Finance, insurance, real estate, rental, and leasing",2019,Q3,3045.4,52
Professional and business services1,2019,Q3,2714.2,54
"Educational services, health care, and social assistance",2019,Q3,1841.8,61
"Arts, entertainment, recreation, accommodation, and food services",2019,Q3,824.7,71
"Other services, except government",2019,Q3,515.7,81
Government,2019,Q3,2040.6,92
"Agriculture, forestry, fishing, and hunting",2019,Q4,119.8,11
Mining,2019,Q4,162.1,21
Utilities,2019,Q4,186.1,22
Construction,2019,Q4,959.9,23
Manufacturing,2019,Q4,1753.3,3133
Durable goods,2019,Q4,1050.1,3133
Nondurable goods,2019,Q4,703.2,3133
Wholesale trade,2019,Q4,1040.7,42
Retail trade,2019,Q4,1212.6,4445
Transportation and warehousing,2019,Q4,581.3,4849
Information,2019,Q4,664.5,51
"Finance, insurance, real estate, rental, and leasing",2019,Q4,3080.5,52
Professional and business services1,2019,Q4,2732.1,54
"Educational services, health care, and social assistance",2019,Q4,1895.8,61
"Arts, entertainment, recreation, accommodation, and food services",2019,Q4,825.5,71
"Other services, except government",2019,Q4,523.8,81
Government,2019,Q4,2073.5,92
"Agriculture, forestry, fishing, and hunting",2020,Q1,121.9,11
Mining,2020,Q1,139,21
Utilities,2020,Q1,202.2,22
Construction,2020,Q1,975.6,23
Manufacturing,2020,Q1,1720.3,3133
Durable goods,2020,Q1,1048.1,3133
Nondurable goods,2020,Q1,672.2,3133
Wholesale trade,2020,Q1,1080.9,42
Retail trade,2020,Q1,1223.5,4445
Transportation and warehousing,2020,Q1,577.1,4849
Information,2020,Q1,645.3,51
"Finance, insurance, real estate, rental, and leasing",2020,Q1,3100.1,52
Professional and business services1,2020,Q1,2762.1,54
"Educational services, health care, and social assistance",2020,Q1,1931.7,61
"Arts, entertainment, recreation, accommodation, and food services",2020,Q1,799,71
"Other services, except government",2020,Q1,530.9,81
Government,2020,Q1,2118.4,92
"Agriculture, forestry, fishing, and hunting",2020,Q2,88.5,11
Mining,2020,Q2,37.1,21
Utilities,2020,Q2,209.5,22
Construction,2020,Q2,842.8,23
Manufacturing,2020,Q2,1468.4,3133
Durable goods,2020,Q2,875.6,3133
Nondurable goods,2020,Q2,592.8,3133
Wholesale trade,2020,Q2,950.9,42
Retail trade,2020,Q2,1148.1,4445
Transportation and warehousing,2020,Q2,422.7,4849
Information,2020,Q2,623.9,51
"Finance, insurance, real estate, rental, and leasing",2020,Q2,3059.2,52
Professional and business services1,2020,Q2,2509.9,54
"Educational services, health care, and social assistance",2020,Q2,1660.7,61
"Arts, entertainment, recreation, accommodation, and food services",2020,Q2,410.2,71
"Other services, except government",2020,Q2,429,81
Government,2020,Q2,2055.8,92
"Agriculture, forestry, fishing, and hunting",2020,Q3,111.1,11
Mining,2020,Q3,72.2,21
Utilities,2020,Q3,214.4,22
Construction,2020,Q3,924.7,23
Manufacturing,2020,Q3,1670.8,3133
Durable goods,2020,Q3,1013.4,3133
Nondurable goods,2020,Q3,657.3,3133
Wholesale trade,2020,Q3,1006,42
Retail trade,2020,Q3,1297,4445
Transportation and warehousing,2020,Q3,523.6,4849
Information,2020,Q3,682,51
"Finance, insurance, real estate, rental, and leasing",2020,Q3,3172.4,52
Professional and business services1,2020,Q3,2641.9,54
"Educational services, health care, and social assistance",2020,Q3,1876.4,61
"Arts, entertainment, recreation, accommodation, and food services",2020,Q3,569,71
"Other services, except government",2020,Q3,477.6,81
Government,2020,Q3,2092.4,92
"Agriculture, forestry, fishing, and hunting",2020,Q4,127,11
Mining,2020,Q4,98.7,21
Utilities,2020,Q4,225,22
Construction,2020,Q4,970.5,23
Manufacturing,2020,Q4,1735.9,3133
Durable goods,2020,Q4,1058.7,3133
Nondurable goods,2020,Q4,677.2,3133
Wholesale trade,2020,Q4,1032.6,42
Retail trade,2020,Q4,1342.8,4445
Transportation and warehousing,2020,Q4,575.2,4849
Information,2020,Q4,743.8,51
"Finance, insurance, real estate, rental, and leasing",2020,Q4,3261.6,52
Professional and business services1,2020,Q4,2845.2,54
"Educational services, health care, and social assistance",2020,Q4,1942.6,61
"Arts, entertainment, recreation, accommodation, and food services",2020,Q4,662.2,71
"Other services, except government",2020,Q4,502.1,81
Government,2020,Q4,2106.5,92
"Agriculture, forestry, fishing, and hunting",2021,Q1,143.4,11
Mining,2021,Q1,163.7,21
Utilities,2021,Q1,222.7,22
Construction,2021,Q1,962.8,23
Manufacturing,2021,Q1,1809.1,3133
Durable goods,2021,Q1,1100.4,3133
Nondurable goods,2021,Q1,708.6,3133
Wholesale trade,2021,Q1,1064.3,42
Retail trade,2021,Q1,1384.2,4445
Transportation and warehousing,2021,Q1,592,4849
Information,2021,Q1,769.2,51
"Finance, insurance, real estate, rental, and leasing",2021,Q1,3258.6,52
Professional and business services1,2021,Q1,2932.1,54
"Educational services, health care, and social assistance",2021,Q1,1969.9,61
"Arts, entertainment, recreation, accommodation, and food services",2021,Q1,700,71
"Other services, except government",2021,Q1,505.6,81
Government,2021,Q1,2116.6,92
"Agriculture, forestry, fishing, and hunting",2021,Q2,167.2,11
Mining,2021,Q2,192.5,21
Utilities,2021,Q2,222.2,22
Construction,2021,Q2,952.4,23
Manufacturing,2021,Q2,1865.9,3133
Durable goods,2021,Q2,1096.2,3133
Nondurable goods,2021,Q2,769.7,3133
Wholesale trade,2021,Q2,1118.4,42
Retail trade,2021,Q2,1463.2,4445
Transportation and warehousing,2021,Q2,636.4,4849
Information,2021,Q2,776.5,51
"Finance, insurance, real estate, rental, and leasing",2021,Q2,3347.4,52
Professional and business services1,2021,Q2,3000.9,54
"Educational services, health care, and social assistance",2021,Q2,1963.3,61
"Arts, entertainment, recreation, accommodation, and food services",2021,Q2,787,71
"Other services, except government",2021,Q2,516.6,81
Government,2021,Q2,2135.6,92
"Agriculture, forestry, fishing, and hunting",2021,Q3,175.3,11
Mining,2021,Q3,216.5,21
Utilities,2021,Q3,227.5,22
Construction,2021,Q3,993.4,23
Manufacturing,2021,Q3,1907,3133
Durable goods,2021,Q3,1105,3133
Nondurable goods,2021,Q3,802,3133
Wholesale trade,2021,Q3,1149.1,42
Retail trade,2021,Q3,1419.8,4445
Transportation and warehousing,2021,Q3,690.6,4849
Information,2021,Q3,793.6,51
"Finance, insurance, real estate, rental, and leasing",2021,Q3,3399.5,52
Professional and business services1,2021,Q3,3101.7,54
"Educational services, health care, and social assistance",2021,Q3,2017.2,61
"Arts, entertainment, recreation, accommodation, and food services",2021,Q3,851.7,71
"Other services, except government",2021,Q3,538.6,81
Government,2021,Q3,2169.2,92
"Agriculture, forestry, fishing, and hunting",2021,Q4,169.3,11
Mining,2021,Q4,296,21
Utilities,2021,Q4,228.9,22
Construction,2021,Q4,1030.1,23
Manufacturing,2021,Q4,2038.6,3133
Durable goods,2021,Q4,1153.6,3133
Nondurable goods,2021,Q4,884.9,3133
Wholesale trade,2021,Q4,1202,42
Retail trade,2021,Q4,1453.8,4445
Transportation and warehousing,2021,Q4,719.9,4849
Information,2021,Q4,819,51
"Finance, insurance, real estate, rental, and leasing",2021,Q4,3511.4,52
Professional and business services1,2021,Q4,3223.1,54
"Educational services, health care, and social assistance",2021,Q4,2037.7,61
"Arts, entertainment, recreation, accommodation, and food services",2021,Q4,887.9,71
"Other services, except government",2021,Q4,556.6,81
Government,2021,Q4,2170.5,92
"Agriculture, forestry, fishing, and hunting",2022,Q1,185,11
Mining,2022,Q1,305.3,21
Utilities,2022,Q1,237.2,22
Construction,2022,Q1,1080.6,23
Manufacturing,2022,Q1,2148.7,3133
Durable goods,2022,Q1,1221.5,3133
Nondurable goods,2022,Q1,927.2,3133
Wholesale trade,2022,Q1,1239.6,42
Retail trade,2022,Q1,1467.9,4445
Transportation and warehousing,2022,Q1,737.7,4849
Information,2022,Q1,819.3,51
"Finance, insurance, real estate, rental, and leasing",2022,Q1,3548.6,52
Professional and business services1,2022,Q1,3321.4,54
"Educational services, health care, and social assistance",2022,Q1,2079.4,61
"Arts, entertainment, recreation, accommodation, and food services",2022,Q1,919.7,71
"Other services, except government",2022,Q1,574.9,81
Government,2022,Q1,2182.9,92
"Agriculture, forestry, fishing, and hunting",2022,Q2,205.2,11
Mining,2022,Q2,403.4,21
Utilities,2022,Q2,244.1,22
Construction,2022,Q2,1103.1,23
Manufacturing,2022,Q2,2213.6,3133
Durable goods,2022,Q2,1251.7,3133
Nondurable goods,2022,Q2,961.9,3133
Wholesale trade,2022,Q2,1279.1,42
Retail trade,2022,Q2,1488.2,4445
Transportation and warehousing,2022,Q2,782.9,4849
Information,2022,Q2,828.2,51
"Finance, insurance, real estate, rental, and leasing",2022,Q2,3574.3,52
Professional and business services1,2022,Q2,3360.5,54
"Educational services, health care, and social assistance",2022,Q2,2093,61
"Arts, entertainment, recreation, accommodation, and food services",2022,Q2,951.9,71
"Other services, except government",2022,Q2,579,81
Government,2022,Q2,2188.2,92
"Agriculture, forestry, fishing, and hunting",2022,Q3,215,11
Mining,2022,Q3,398.1,21
Utilities,2022,Q3,257.7,22
Construction,2022,Q3,1115.2,23
Manufacturing,2022,Q3,2258.2,3133
Durable goods,2022,Q3,1265.3,3133
Nondurable goods,2022,Q3,992.9,3133
Wholesale trade,2022,Q3,1385.5,42
Retail trade,2022,Q3,1513.2,4445
Transportation and warehousing,2022,Q3,804.7,4849
Information,2022,Q3,797.3,51
"Finance, insurance, real estate, rental, and leasing",2022,Q3,3618.5,52
Professional and business services1,2022,Q3,3459.1,54
"Educational services, health care, and social assistance",2022,Q3,2139.7,61
"Arts, entertainment, recreation, accommodation, and food services",2022,Q3,978.8,71
"Other services, except government",2022,Q3,592.1,81
Government,2022,Q3,2211.2,92
"Agriculture, forestry, fishing, and hunting",2022,Q4,229.1,11
Mining,2022,Q4,343.6,21
Utilities,2022,Q4,257.1,22
Construction,2022,Q4,1126.7,23
Manufacturing,2022,Q4,2274.6,3133
Durable goods,2022,Q4,1288.4,3133
Nondurable goods,2022,Q4,986.2,3133
Wholesale trade,2022,Q4,1381.5,42
Retail trade,2022,Q4,1519.9,4445
Transportation and warehousing,2022,Q4,790.1,4849
Information,2022,Q4,793.9,51
"Finance, insurance, real estate, rental, and leasing",2022,Q4,3600.6,52
Professional and business services1,2022,Q4,3510.4,54
"Educational services, health care, and social assistance",2022,Q4,2177.6,61
"Arts, entertainment, recreation, accommodation, and food services",2022,Q4,986.9,71
"Other services, except government",2022,Q4,600.2,81
Government,2022,Q4,2237.6,92
"Agriculture, forestry, fishing, and hunting",2023,Q1,226.4,11
Mining,2023,Q1,331.4,21
Utilities,2023,Q1,265.5,22
Construction,2023,Q1,1132.7,23
Manufacturing,2023,Q1,2266.7,3133
Durable goods,2023,Q1,1267.3,3133
Nondurable goods,2023,Q1,999.4,3133
Wholesale trade,2023,Q1,1363.5,42
Retail trade,2023,Q1,1557.3,4445
Transportation and warehousing,2023,Q1,810.3,4849
Information,2023,Q1,841.6,51
"Finance, insurance, real estate, rental, and leasing",2023,Q1,3711.2,52
Professional and business services1,2023,Q1,3595.2,54
"Educational services, health care, and social assistance",2023,Q1,2224.7,61
"Arts, entertainment, recreation, accommodation, and food services",2023,Q1,1043.4,71
"Other services, except government",2023,Q1,603.3,81
Government,2023,Q1,2275.9,92
"Agriculture, forestry, fishing, and hunting",2023,Q2,217.6,11
Mining,2023,Q2,304.3,21
Utilities,2023,Q2,277.5,22
Construction,2023,Q2,1150.9,23
Manufacturing,2023,Q2,2213.8,3133
Durable goods,2023,Q2,1274.3,3133
Nondurable goods,2023,Q2,939.6,3133
Wholesale trade,2023,Q2,1379,42
Retail trade,2023,Q2,1588.6,4445
Transportation and warehousing,2023,Q2,832.7,4849
Information,2023,Q2,866.8,51
"Finance, insurance, real estate, rental, and leasing",2023,Q2,3755.2,52
Professional and business services1,2023,Q2,3622.7,54
"Educational services, health care, and social assistance",2023,Q2,2258.2,61
"Arts, entertainment, recreation, accommodation, and food services",2023,Q2,1075.2,71
"Other services, except government",2023,Q2,613.4,81
Government,2023,Q2,2304.7,92
"Agriculture, forestry, fishing, and hunting",2023,Q3,209.9,11
Mining,2023,Q3,321.8,21
Utilities,2023,Q3,272.2,22
Construction,2023,Q3,1183.6,23
Manufacturing,2023,Q3,2263,3133
Durable goods,2023,Q3,1315,3133
Nondurable goods,2023,Q3,948,3133
Wholesale trade,2023,Q3,1380.6,42
Retail trade,2023,Q3,1634.2,4445
Transportation and warehousing,2023,Q3,826.9,4849
Information,2023,Q3,837.5,51
"Finance, insurance, real estate, rental, and leasing",2023,Q3,3818.5,52
Professional and business services1,2023,Q3,3673.7,54
"Educational services, health care, and social assistance",2023,Q3,2309.9,61
"Arts, entertainment, recreation, accommodation, and food services",2023,Q3,1092.8,71
"Other services, except government",2023,Q3,621.3,81
Government,2023,Q3,2349.2,92
"Agriculture, forestry, fishing, and hunting",2023,Q4,192.9,11
Mining,2023,Q4,332.8,21
Utilities,2023,Q4,269.8,22
Construction,2023,Q4,1209.6,23
Manufacturing,2023,Q4,2304,3133
Durable goods,2023,Q4,1351.5,3133
Nondurable goods,2023,Q4,952.5,3133
Wholesale trade,2023,Q4,1401.3,42
Retail trade,2023,Q4,1661,4445
Transportation and warehousing,2023,Q4,841.9,4849
Information,2023,Q4,869.7,51
"Finance, insurance, real estate, rental, and leasing",2023,Q4,3916,52
Professional and business services1,2023,Q4,3711.8,54
"Educational services, health care, and social assistance",2023,Q4,2359.4,61
"Arts, entertainment, recreation, accommodation, and food services",2023,Q4,1103.5,71
"Other services, except government",2023,Q4,636.7,81
Government,2023,Q4,2383.2,92
"Agriculture, forestry, fishing, and hunting",2024,Q1,181.8,11
Mining,2024,Q1,315.6,21
Utilities,2024,Q1,281.9,22
Construction,2024,Q1,1244.1,23
Manufacturing,2024,Q1,2301.5,3133
Durable goods,2024,Q1,1355.6,3133
Nondurable goods,2024,Q1,945.9,3133
Wholesale trade,2024,Q1,1412,42
Retail trade,2024,Q1,1667.4,4445
Transportation and warehousing,2024,Q1,859,4849
Information,2024,Q1,918.1,51
"Finance, insurance, real estate, rental, and leasing",2024,Q1,4008.5,52
Professional and business services1,2024,Q1,3828.6,54
"Educational services, health care, and social assistance",2024,Q1,2424.6,61
"Arts, entertainment, recreation, accommodation, and food services",2024,Q1,1142.9,71
"Other services, except government",2024,Q1,649.2,81
Government,2024,Q1,2430.8,92
"Agriculture, forestry, fishing, and hunting",2024,Q2,181.5,11
Mining,2024,Q2,320,21
Utilities,2024,Q2,297.3,22
Construction,2024,Q2,1247.1,23
Manufacturing,2024,Q2,2283,3133
Durable goods,2024,Q2,1334.6,3133
Nondurable goods,2024,Q2,948.4,3133
Wholesale trade,2024,Q2,1413.1,42
Retail trade,2024,Q2,1680,4445
Transportation and warehousing,2024,Q2,872.3,4849
Information,2024,Q2,955.9,51
"Finance, insurance, real estate, rental, and leasing",2024,Q2,4060.3,52
Professional and business services1,2024,Q2,3875,54
"Educational services, health care, and social assistance",2024,Q2,2464.3,61
"Arts, entertainment, recreation, accommodation, and food services",2024,Q2,1154.4,71
"Other services, except government",2024,Q2,658.5,81
Government,2024,Q2,2466.4,92
"Agriculture, forestry, fishing, and hunting",2024,Q3,185.7,11
Mining,2024,Q3,314.2,21
Utilities,2024,Q3,286.4,22
Construction,2024,Q3,1251.8,23
Manufacturing,2024,Q3,2283.5,3133
Durable goods,2024,Q3,1336.5,3133
Nondurable goods,2024,Q3,947,3133
Wholesale trade,2024,Q3,1420.4,42
Retail trade,2024,Q3,1711.5,4445
Transportation and warehousing,2024,Q3,881.5,4849
Information,2024,Q3,968.6,51
"Finance, insurance, real estate, rental, and leasing",2024,Q3,4088,52
Professional and business services1,2024,Q3,3931.6,54
"Educational services, health care, and social assistance",2024,Q3,2507.7,61
"Arts, entertainment, recreation, accommodation, and food services",2024,Q3,1159.9,71
"Other services, except government",2024,Q3,663.4,81
Government,2024,Q3,2499.9,92
